id;name;email_id;qualification
1;Avon;Steel c Granite;Fantastic auxiliary
2;mindshare HDD models;explicit;Account generate
3;Cheese;HTTP Robust;Rubber
4;SMTP Berkshire;backing Multi-layered Organized;quantifying
5;Sterling;Personal system;Assistant panel
6;USB;mobile scalable;Loti Chips Bacon
7;Handmade Bedfordshire Centralized;Balanced bandwidth;c
8;Caumartin;b Krone SSL;Gambie
9;Charlemagne FTP;Metal Bike synergies;Saint-Jacques Nauru alliance
10;Ergonomic Ingenieur Shoes;Account Provence-Alpes-CÃ´te online;Table methodologies
