id;oaci;name;type;phone_number;mail;adresse;code_postal;commune
1;de tolerance Analyste;extend;Account Nord-Pas-de-Calais primary;generate Total;empower;THX;Fish Producteur Sleek;driver
2;Kids c protocol;Gloves;Bedfordshire Home;encryption connecting microchip;Fish;b Account PCI;Beauty;Electronics Cambridgeshire Borders
3;Phased virtual;e-tailers Account experiences;forecast;invoice Berkshire Account;Iraqi;Lorraine 1080p Account;b next-generation;Midi-Pyrénées haptic SMTP
4;Provence-Alpes-Côte;Analyste Saint-Honoré;redefine quantifying;Pays-Bas;Executif d'Azur;Sausages Investment Fundamental;Kirghizistan;Berkshire wireless project
5;program Fresh killer;a;Serbian CSS;Consultant index;Cotton invoice;incremental Monaco alarm;systems transition;Superviseur
6;AGP;la;Designer;overriding;c;Rupee a whiteboard;initiatives;Bangladesh
7;matrix Fish Rubber;Tasty a unleash;indigo;asynchronous Sleek;Bedfordshire Account PCI;generate turquoise;Consultant Versatile Shoes;Incredible Saint-Séverin
8;Stagiaire Hat de;1080p;c primary;Unbranded Nord-Pas-de-Calais;projection orchestrate;Market connecting Royale;Investment;Bedfordshire
9;Cross-group AGP mesh;Plastic;Guinea calculate transitional;bus Shoes bandwidth-monitored;Guinée-Bissau;Chair best-of-breed Checking;Auvergne Shoes neural;Universal
10;Gloves c;infrastructures CSS c;Shoes;calculating;navigating;c;Gloves synthesizing;Balanced maximize
