id;oaci;nom;type;telephone;mail;adresse;code_postal;commune
1;de tolerance Analyste;extend;Account Nord-Pas-de-Calais primary;+33 338728213;a;Midi-Pyrénées bandwidth;Account conglomeration parallelism;auxiliary compelling
2;protocol Rustic generating;Gloves;ability;+33 187181176;b Account PCI;Beauty;Electronics Cambridgeshire Borders;Phased virtual
3;e-tailers Account experiences;forecast;invoice Berkshire Account;0163075608;b Lorraine des;plug-and-play alarm Azerbaïdjan;primary a Analyste;hack redefine
4;payment Pays-Bas Personal;d'Azur Peso HDD;Fundamental;0154675458;a paradigm Self-enabling;synthesizing;paradigms a;Serbian CSS
5;Consultant index;Cotton invoice;incremental Monaco alarm;0646748519;Plastic;Steel;Francs-Bourgeois Rhône-Alpes;tan c wireless
6;a whiteboard Fantastic;salmon Saint-Honoré Investment;Dollar Fresh b;0463791172;asynchronous Sleek;Bedfordshire Account PCI;generate turquoise;Consultant Versatile Shoes
7;Incredible Saint-Séverin;Stagiaire Hat de;1080p;0799281931;Languedoc-Roussillon disintermediate primary;Progressive;Picardie b;matrix
8;impactful transmit;visionary;mesh;0112586347;Bedfordshire synthesizing;Account card up;Cambridgeshire Games;Maroc redefine
9;up;neural Frozen Gloves;auxiliary infrastructures CSS;+33 773014718;application functionalities c;Gloves synthesizing;Balanced maximize;Cross-platform
10;Assimilated c Analyste;connecting Account;Uruguayo Games;+33 490285974;synthesizing technologies;Franche-Comté;deposit Outdoors;Licensed Synergized
