id;nom;prenom;telephone;mail;adresse;code_postal;commune;heure_vol
1;pixel next;a object-oriented;+33 291620;Érythrée;Books Car Account;Cotto;Car Bedfordshire Lesotho;98691
2;Concrete;Ball;+33 152970;Vatu Handmade haptic;Shoes Bénin Jewelery;Ergon;Books;4886
3;Analyste e-tailers;card de bandwidth;+33 276522;Vaneau PCI User-friendly;Cotton;Adapt;invoice Buckinghamshire;27761
4;Charlemagne Cotton green;black Shoes Progressive;0414695835;Agent Thaïlande wireless;Analyste Bike;Cotto;US b Kids;7784
5;TCP;Games initiatives;0560463278;Rubber Avon Lorraine;a Ingenieur interactive;Shoes;Keyboard navigating Fantastic;98076
6;c;maroon ADP Rhône-Alpes;0477767001;connecting;User-friendly Corse;Card;withdrawal Peso;34988
7;Cameroun Credit;purple;+33 161016;HTTP;Buckinghamshire Rubber;quant;Re-engineered Hat calculating;20755
8;USB;Open-source mindshare;+33 282919;Towels;deposit;wirel;SDD b Beauty;88318
9;orange Îles;Ingenieur Frozen;+33 183193;navigating calculating;standardization wireless a;Compu;Buckinghamshire;63374
10;Andorre;pixel;+33 786069;Steel Executif;Executif blue;Pre-e;redundant index invoice;2941
